timestamp,city,temperature,description
2026-03-16T12:40:37.151Z,Edinburgh,8.55,broken clouds
2026-03-16T12:41:49.319Z,Edinburgh,8.55,broken clouds
2026-03-16T12:48:12.909Z,Edinburgh,8.83,broken clouds
2026-03-16T12:49:25.836Z,Edinburgh,8.83,broken clouds
2026-03-16T15:07:58.217Z,Edinburgh,8.66,light rain
2026-03-16T15:13:57.030Z,Edinburgh,8.74,light rain
2026-03-16T15:30:32.378Z,Edinburgh,9.09,light rain
2026-03-16T15:33:50.409Z,Edinburgh,9.09,light rain
2026-03-16T15:39:11.972Z,Edinburgh,9.08,light rain
2026-03-16T15:40:34.070Z,Edinburgh,9.08,light rain
2026-03-17T12:33:48.156Z,London,13.15,broken clouds
2026-03-17T14:17:31.505Z,Edinburgh,10.1,scattered clouds
2026-03-17T14:51:41.262Z,Edinburgh,10.04,broken clouds
2026-03-17T16:59:59.463Z,Edinburgh,10.55,broken clouds
2026-03-17T18:55:05.716Z,Edinburgh,9.88,scattered clouds
2026-03-17T20:33:55.461Z,Edinburgh,9.97,broken clouds
2026-03-17T22:28:07.152Z,Edinburgh,9.96,overcast clouds
2026-03-18T01:49:15.457Z,Edinburgh,9.65,broken clouds
2026-03-18T04:21:18.632Z,Edinburgh,8.69,overcast clouds
2026-03-18T06:56:30.395Z,Edinburgh,7.12,few clouds
2026-03-18T08:41:31.743Z,Edinburgh,9.23,scattered clouds
2026-03-18T10:45:54.256Z,Edinburgh,12.2,broken clouds
2026-03-18T12:59:12.777Z,Edinburgh,12.34,few clouds
2026-03-18T14:58:25.658Z,Edinburgh,12.98,overcast clouds
2026-03-18T16:54:32.813Z,Edinburgh,11.7,broken clouds
2026-03-18T18:53:35.948Z,Edinburgh,10.66,overcast clouds
2026-03-18T20:30:43.267Z,Edinburgh,9.11,overcast clouds
2026-03-18T22:27:50.554Z,Edinburgh,8.39,overcast clouds
2026-03-19T01:50:17.639Z,Edinburgh,6.09,broken clouds
2026-03-19T04:20:11.828Z,Edinburgh,4.63,broken clouds
2026-03-19T06:52:16.820Z,Edinburgh,6.25,overcast clouds
2026-03-19T08:36:24.324Z,Edinburgh,7.55,overcast clouds
2026-03-19T10:35:07.008Z,Edinburgh,10.71,overcast clouds
2026-03-19T12:53:46.375Z,Edinburgh,11.84,clear sky
2026-03-19T14:43:20.509Z,Edinburgh,10.35,overcast clouds
2026-03-19T16:53:01.757Z,Edinburgh,10.34,broken clouds
2026-03-19T18:51:04.579Z,Edinburgh,7.21,scattered clouds
2026-03-19T20:31:35.386Z,Edinburgh,5.98,overcast clouds
2026-03-19T22:22:47.894Z,Edinburgh,5.52,mist
2026-03-20T01:44:51.996Z,Edinburgh,4.23,fog
2026-03-20T04:10:01.370Z,Edinburgh,4.53,overcast clouds
2026-03-20T06:48:09.508Z,Edinburgh,2.77,fog
2026-03-20T08:34:58.765Z,Edinburgh,3.71,fog
2026-03-20T10:33:10.842Z,Edinburgh,9.5,fog
2026-03-20T12:47:42.132Z,Edinburgh,13.97,overcast clouds
2026-03-20T14:39:58.746Z,Edinburgh,13.68,overcast clouds
2026-03-20T16:37:17.461Z,Edinburgh,13.81,few clouds
2026-03-20T18:40:23.924Z,Edinburgh,11.37,clear sky
2026-03-20T20:26:23.995Z,Edinburgh,10.42,clear sky
2026-03-20T22:23:12.302Z,Edinburgh,7.06,overcast clouds
2026-03-21T01:27:38.023Z,Edinburgh,6.3,clear sky
2026-03-21T04:01:11.202Z,Edinburgh,4.12,broken clouds
2026-03-21T06:36:18.247Z,Edinburgh,4.1,clear sky
2026-03-21T08:26:33.988Z,Edinburgh,7.09,clear sky
2026-03-21T10:21:22.633Z,Edinburgh,10.96,broken clouds
2026-03-21T12:36:59.404Z,Edinburgh,13.27,few clouds
2026-03-21T14:22:11.907Z,Edinburgh,13.77,overcast clouds
2026-03-21T16:23:20.838Z,Edinburgh,14.03,clear sky
2026-03-21T18:29:17.470Z,Edinburgh,10.77,broken clouds
2026-03-21T20:20:29.060Z,Edinburgh,8.91,clear sky
2026-03-21T22:18:48.555Z,Edinburgh,6.44,overcast clouds
2026-03-22T01:49:32.187Z,Edinburgh,7.15,overcast clouds
2026-03-22T04:15:24.114Z,Edinburgh,7.89,overcast clouds
2026-03-22T06:43:54.266Z,Edinburgh,5.72,overcast clouds
2026-03-22T08:28:51.028Z,Edinburgh,7.62,overcast clouds
2026-03-22T10:21:47.505Z,Edinburgh,10.16,broken clouds
2026-03-22T12:39:26.406Z,Edinburgh,10.84,scattered clouds
2026-03-22T14:22:51.636Z,Edinburgh,12.63,scattered clouds
2026-03-22T16:23:37.558Z,Edinburgh,11.28,overcast clouds
2026-03-22T18:29:51.735Z,Edinburgh,9.14,broken clouds
2026-03-22T20:21:03.989Z,Edinburgh,6.38,clear sky
2026-03-22T22:20:21.042Z,Edinburgh,5.22,clear sky
2026-03-23T01:50:37.400Z,Edinburgh,4.18,overcast clouds
2026-03-23T04:25:12.225Z,Edinburgh,3.68,overcast clouds
2026-03-23T07:03:35.353Z,Edinburgh,3.9,overcast clouds
2026-03-23T08:49:38.719Z,Edinburgh,5.87,clear sky
2026-03-23T10:48:51.796Z,Edinburgh,9.29,clear sky
2026-03-23T12:55:32.274Z,Edinburgh,8.83,broken clouds
2026-03-23T14:51:35.502Z,Edinburgh,8.94,broken clouds
2026-03-23T16:53:30.471Z,Edinburgh,9.21,light rain
2026-03-23T18:45:43.780Z,Edinburgh,8.13,light rain
2026-03-23T20:37:17.062Z,Edinburgh,8.68,overcast clouds
2026-03-23T22:27:17.256Z,Edinburgh,9.84,overcast clouds
2026-03-24T01:42:46.904Z,Edinburgh,11.16,scattered clouds
2026-03-24T04:14:01.582Z,Edinburgh,10.22,broken clouds
2026-03-24T06:58:12.259Z,Edinburgh,8.58,scattered clouds
2026-03-24T08:44:28.032Z,Edinburgh,8.97,overcast clouds
2026-03-24T10:45:50.103Z,Edinburgh,10.92,scattered clouds
2026-03-24T13:00:02.445Z,Edinburgh,10.91,clear sky
2026-03-24T14:53:04.521Z,Edinburgh,9.36,scattered clouds
2026-03-24T16:55:40.739Z,Edinburgh,8.15,overcast clouds
2026-03-24T18:56:04.857Z,Edinburgh,6.98,broken clouds
2026-03-24T20:36:09.408Z,Edinburgh,5.83,overcast clouds
2026-03-24T22:24:43.104Z,Edinburgh,4.45,clear sky
2026-03-25T01:48:20.704Z,Edinburgh,3.38,broken clouds
2026-03-25T04:15:44.856Z,Edinburgh,3.44,scattered clouds
2026-03-25T06:56:29.111Z,Edinburgh,2.8,few clouds
2026-03-25T08:43:08.078Z,Edinburgh,5.08,broken clouds
2026-03-25T10:43:14.383Z,Edinburgh,6.71,broken clouds
2026-03-25T12:57:59.744Z,Edinburgh,7.7,scattered clouds
2026-03-25T14:54:34.103Z,Edinburgh,7.41,scattered clouds
2026-03-25T16:57:52.040Z,Edinburgh,7.11,scattered clouds
2026-03-25T18:50:13.792Z,Edinburgh,5.46,scattered clouds
2026-03-25T20:33:31.921Z,Edinburgh,4.12,scattered clouds
2026-03-25T22:30:38.342Z,Edinburgh,2.64,few clouds
2026-03-26T01:54:36.014Z,Edinburgh,0.99,scattered clouds
2026-03-26T04:29:58.486Z,Edinburgh,0.27,broken clouds
2026-03-26T07:02:22.039Z,Edinburgh,1.02,scattered clouds
2026-03-26T08:47:20.224Z,Edinburgh,4.53,clear sky
2026-03-26T10:48:38.389Z,Edinburgh,7,few clouds
2026-03-26T13:02:26.149Z,Edinburgh,7.23,light rain
2026-03-26T14:59:14.254Z,Edinburgh,7.6,overcast clouds
2026-03-26T16:56:23.124Z,Edinburgh,8.06,scattered clouds
2026-03-26T18:58:54.374Z,Edinburgh,6.58,scattered clouds
2026-03-26T20:31:20.102Z,Edinburgh,6.67,broken clouds
2026-03-26T22:23:38.517Z,Edinburgh,6.94,overcast clouds
2026-03-27T01:54:54.535Z,Edinburgh,8.62,broken clouds
2026-03-27T04:30:58.972Z,Edinburgh,6.83,overcast clouds
2026-03-27T07:01:06.132Z,Edinburgh,6.56,overcast clouds
2026-03-27T08:44:05.509Z,Edinburgh,7.73,scattered clouds
2026-03-27T10:42:17.300Z,Edinburgh,10.24,scattered clouds
2026-03-27T12:54:36.615Z,Edinburgh,10.93,few clouds
2026-03-27T14:45:42.073Z,Edinburgh,8.57,light rain
2026-03-27T16:48:30.194Z,Edinburgh,7.59,broken clouds
2026-03-27T18:49:24.160Z,Edinburgh,4.83,scattered clouds
2026-03-27T20:32:43.918Z,Edinburgh,3.74,clear sky
2026-03-27T22:26:58.202Z,Edinburgh,4.14,few clouds
2026-03-28T01:46:51.656Z,Edinburgh,3.63,clear sky
2026-03-28T04:15:17.019Z,Edinburgh,3.99,moderate rain
2026-03-28T06:52:40.499Z,Edinburgh,3.01,few clouds
2026-03-28T08:33:18.310Z,Edinburgh,4.61,few clouds
2026-03-28T10:26:57.550Z,Edinburgh,7.05,broken clouds
2026-03-28T12:42:29.258Z,Edinburgh,8.78,scattered clouds
2026-03-28T14:27:26.387Z,Edinburgh,7.99,scattered clouds
2026-03-28T16:27:41.739Z,Edinburgh,7.34,scattered clouds
2026-03-28T18:33:17.173Z,Edinburgh,5.31,few clouds
2026-03-28T20:24:03.780Z,Edinburgh,4.29,few clouds
2026-03-28T22:23:17.291Z,Edinburgh,3.73,few clouds
2026-03-29T01:57:52.392Z,Edinburgh,3.32,overcast clouds
2026-03-29T04:38:54.635Z,Edinburgh,5.6,overcast clouds
2026-03-29T06:57:21.040Z,Edinburgh,4.91,moderate rain
2026-03-29T08:34:28.952Z,Edinburgh,5.69,moderate rain
2026-03-29T10:27:55.011Z,Edinburgh,7.41,moderate rain
2026-03-29T12:42:25.143Z,Edinburgh,8.03,moderate rain
2026-03-29T14:29:43.863Z,Edinburgh,7.3,light rain
2026-03-29T16:29:15.475Z,Edinburgh,6.98,overcast clouds
2026-03-29T18:34:56.221Z,Edinburgh,4.12,overcast clouds
2026-03-29T20:26:03.288Z,Edinburgh,4.43,broken clouds
2026-03-29T22:25:25.821Z,Edinburgh,3.76,clear sky
2026-03-30T02:02:08.340Z,Edinburgh,3.85,clear sky
2026-03-30T04:51:20.376Z,Edinburgh,3.41,clear sky
2026-03-30T07:20:43.309Z,Edinburgh,4.67,broken clouds
2026-03-30T09:06:07.693Z,Edinburgh,6.86,scattered clouds
2026-03-30T10:57:20.942Z,Edinburgh,8.22,scattered clouds
2026-03-30T13:07:14.297Z,Edinburgh,7.54,broken clouds
2026-03-30T14:59:09.509Z,Edinburgh,10.08,scattered clouds
2026-03-30T16:50:57.285Z,Edinburgh,9.41,broken clouds
2026-03-30T18:53:14.807Z,Edinburgh,8.22,few clouds
2026-03-30T20:39:27.168Z,Edinburgh,7.57,broken clouds
2026-03-30T22:29:59.245Z,Edinburgh,7.57,broken clouds
2026-03-31T01:55:58.331Z,Edinburgh,7.89,broken clouds
2026-03-31T04:34:28.208Z,Edinburgh,8.97,broken clouds
2026-03-31T07:06:12.204Z,Edinburgh,9.03,overcast clouds
2026-03-31T08:52:06.268Z,Edinburgh,10.98,broken clouds
2026-03-31T10:49:11.384Z,Edinburgh,12.09,broken clouds
2026-03-31T13:05:33.651Z,Edinburgh,13.66,broken clouds
2026-03-31T14:57:02.116Z,Edinburgh,13.33,broken clouds
2026-03-31T16:52:31.334Z,Edinburgh,12.71,broken clouds
2026-03-31T18:55:12.458Z,Edinburgh,10.84,broken clouds
2026-03-31T20:38:05.412Z,Edinburgh,9.99,overcast clouds
2026-03-31T22:29:36.909Z,Edinburgh,9.82,overcast clouds
2026-04-01T02:04:34.186Z,Edinburgh,9.86,overcast clouds
2026-04-01T05:52:34.675Z,Edinburgh,9.85,broken clouds
2026-04-01T07:13:30.332Z,Edinburgh,9.94,scattered clouds
2026-04-01T08:57:51.502Z,Edinburgh,10.96,broken clouds
2026-04-01T10:50:11.497Z,Edinburgh,12.25,broken clouds
2026-04-01T13:08:57.907Z,Edinburgh,12.06,light rain
2026-04-01T14:59:53.826Z,Edinburgh,11.61,light rain
2026-04-01T16:47:58.974Z,Edinburgh,8.69,moderate rain
2026-04-01T18:54:07.901Z,Edinburgh,3.87,moderate rain
2026-04-01T20:39:08.499Z,Edinburgh,3.23,light rain
2026-04-01T22:32:14.952Z,Edinburgh,1.7,clear sky
2026-04-02T01:52:15.255Z,Edinburgh,1.03,clear sky
2026-04-02T04:26:28.533Z,Edinburgh,0.38,clear sky
2026-04-02T07:05:43.323Z,Edinburgh,0.82,few clouds
2026-04-02T08:50:50.715Z,Edinburgh,4.45,clear sky
2026-04-02T10:47:30.988Z,Edinburgh,6.91,few clouds
2026-04-02T13:01:06.174Z,Edinburgh,9.48,few clouds
2026-04-02T14:50:51.165Z,Edinburgh,9.78,few clouds
2026-04-02T16:52:36.042Z,Edinburgh,9.23,few clouds
2026-04-02T18:50:37.497Z,Edinburgh,6.58,few clouds
2026-04-02T20:30:26.349Z,Edinburgh,6.13,clear sky
2026-04-02T22:26:32.332Z,Edinburgh,5.64,clear sky
2026-04-03T01:53:59.334Z,Edinburgh,6.76,light rain
2026-04-03T04:26:44.261Z,Edinburgh,8.62,broken clouds
2026-04-03T07:02:14.160Z,Edinburgh,7.36,few clouds
2026-04-03T08:45:59.484Z,Edinburgh,7.89,light rain
2026-04-03T10:38:00.151Z,Edinburgh,8.15,light rain
2026-04-03T12:53:43.939Z,Edinburgh,7.78,scattered clouds
2026-04-03T14:38:42.843Z,Edinburgh,8.25,broken clouds
2026-04-03T16:34:01.202Z,Edinburgh,7.52,scattered clouds
2026-04-03T18:39:19.911Z,Edinburgh,4.39,scattered clouds
2026-04-03T20:30:19.963Z,Edinburgh,3.65,clear sky
2026-04-03T22:28:14.437Z,Edinburgh,3.66,clear sky
2026-04-04T01:47:07.632Z,Edinburgh,2.76,few clouds
2026-04-04T04:12:52.702Z,Edinburgh,2.12,clear sky
2026-04-04T06:54:06.192Z,Edinburgh,2.84,few clouds
2026-04-04T08:35:45.512Z,Edinburgh,5.53,few clouds
2026-04-04T10:28:05.740Z,Edinburgh,7.53,scattered clouds
2026-04-04T12:42:29.148Z,Edinburgh,4.81,light rain
2026-04-04T14:29:24.123Z,Edinburgh,4.74,moderate rain
2026-04-04T16:29:38.135Z,Edinburgh,7.17,light rain
2026-04-04T18:34:05.306Z,Edinburgh,9.37,scattered clouds
2026-04-04T20:23:52.834Z,Edinburgh,8.59,light rain
2026-04-04T22:24:35.511Z,Edinburgh,7.22,broken clouds
2026-04-05T01:59:25.056Z,Edinburgh,3.42,few clouds
2026-04-05T04:41:38.865Z,Edinburgh,3.21,broken clouds
2026-04-05T06:59:10.595Z,Edinburgh,3.9,few clouds
2026-04-05T08:37:21.004Z,Edinburgh,3.51,scattered clouds
2026-04-05T10:28:05.667Z,Edinburgh,6.35,moderate rain
2026-04-05T12:44:11.422Z,Edinburgh,6.4,few clouds
2026-04-05T14:32:00.338Z,Edinburgh,5.72,broken clouds
2026-04-05T16:30:17.600Z,Edinburgh,5.96,moderate rain
2026-04-05T18:36:10.682Z,Edinburgh,3.62,scattered clouds
2026-04-05T20:26:53.596Z,Edinburgh,2.78,clear sky
2026-04-05T22:25:39.405Z,Edinburgh,2.47,few clouds
2026-04-06T02:01:59.088Z,Edinburgh,1.47,scattered clouds
2026-04-06T05:56:18.334Z,Edinburgh,1.51,clear sky
2026-04-06T07:27:06.447Z,Edinburgh,2.3,overcast clouds
2026-04-06T09:03:19.076Z,Edinburgh,6.44,broken clouds
2026-04-06T10:51:05.283Z,Edinburgh,7.55,overcast clouds
2026-04-06T12:59:21.581Z,Edinburgh,10.79,broken clouds
2026-04-06T14:41:38.806Z,Edinburgh,11.02,overcast clouds
2026-04-06T16:40:43.021Z,Edinburgh,10.23,overcast clouds
2026-04-06T18:51:27.561Z,Edinburgh,9.94,overcast clouds
2026-04-06T20:33:27.886Z,Edinburgh,6.15,overcast clouds
2026-04-06T22:30:39.360Z,Edinburgh,5.93,overcast clouds
2026-04-07T01:56:39.571Z,Edinburgh,4.59,few clouds
2026-04-07T04:33:30.748Z,Edinburgh,3.63,few clouds
2026-04-07T07:08:53.792Z,Edinburgh,6.74,few clouds
2026-04-07T08:56:31.031Z,Edinburgh,10.3,scattered clouds
2026-04-07T10:51:08.504Z,Edinburgh,13.57,scattered clouds
2026-04-07T13:08:42.616Z,Edinburgh,15.03,broken clouds
2026-04-07T15:03:27.352Z,Edinburgh,16.03,clear sky
2026-04-07T16:51:45.380Z,Edinburgh,14.53,clear sky
2026-04-07T18:56:54.584Z,Edinburgh,12.37,overcast clouds
2026-04-07T20:41:34.335Z,Edinburgh,11.75,clear sky
2026-04-07T22:33:20.037Z,Edinburgh,8.78,overcast clouds
2026-04-08T01:57:33.965Z,Edinburgh,9.88,overcast clouds
2026-04-08T04:38:05.024Z,Edinburgh,6.73,overcast clouds
2026-04-08T07:11:34.237Z,Edinburgh,9.43,scattered clouds
2026-04-08T08:55:37.630Z,Edinburgh,14.45,scattered clouds
2026-04-08T10:52:05.292Z,Edinburgh,13.78,broken clouds
2026-04-08T13:10:10.957Z,Edinburgh,15.84,broken clouds
2026-04-08T15:05:08.314Z,Edinburgh,15.93,scattered clouds
2026-04-08T16:56:12.817Z,Edinburgh,15.34,scattered clouds
2026-04-08T19:09:20.177Z,Edinburgh,12.39,overcast clouds
2026-04-08T20:37:42.276Z,Edinburgh,11.22,overcast clouds
2026-04-08T22:34:21.909Z,Edinburgh,10.66,clear sky
2026-04-09T01:49:45.030Z,Edinburgh,10.27,broken clouds
2026-04-09T04:30:19.892Z,Edinburgh,9.28,overcast clouds
2026-04-09T07:15:20.740Z,Edinburgh,9.65,light rain
2026-04-09T09:01:45.685Z,Edinburgh,9.86,overcast clouds
2026-04-09T10:54:46.351Z,Edinburgh,8.89,light rain
2026-04-09T13:14:33.388Z,Edinburgh,8.32,overcast clouds
2026-04-09T15:17:58.888Z,Edinburgh,9.03,scattered clouds
2026-04-09T17:01:40.056Z,Edinburgh,8.41,overcast clouds
2026-04-09T18:57:10.773Z,Edinburgh,6.68,light rain
2026-04-09T20:43:09.222Z,Edinburgh,4.84,broken clouds
2026-04-09T22:36:04.587Z,Edinburgh,4.61,broken clouds
2026-04-10T02:02:23.241Z,Edinburgh,4.22,clear sky
2026-04-10T05:55:01.583Z,Edinburgh,2.53,few clouds
2026-04-10T07:20:06.455Z,Edinburgh,3.21,clear sky
2026-04-10T09:02:46.303Z,Edinburgh,6.66,clear sky
2026-04-10T10:48:50.918Z,Edinburgh,9.09,scattered clouds
2026-04-10T12:58:55.502Z,Edinburgh,10.63,overcast clouds
2026-04-10T14:43:15.248Z,Edinburgh,10.53,overcast clouds
2026-04-10T16:44:04.508Z,Edinburgh,9.07,overcast clouds
2026-04-10T18:43:33.463Z,Edinburgh,7.48,scattered clouds
2026-04-10T20:30:22.252Z,Edinburgh,7.51,broken clouds
2026-04-10T22:31:47.634Z,Edinburgh,6.18,broken clouds
2026-04-11T01:51:20.348Z,Edinburgh,5.77,overcast clouds
2026-04-11T04:17:09.162Z,Edinburgh,5.49,moderate rain
2026-04-11T06:55:11.682Z,Edinburgh,3.81,light rain
2026-04-11T08:36:24.604Z,Edinburgh,4.04,few clouds
2026-04-11T10:29:09.965Z,Edinburgh,7.99,few clouds
2026-04-11T12:44:41.705Z,Edinburgh,9.95,overcast clouds
2026-04-11T14:32:21.363Z,Edinburgh,9.52,overcast clouds
2026-04-11T16:30:28.052Z,Edinburgh,9.37,scattered clouds
2026-04-11T18:36:31.262Z,Edinburgh,8.02,scattered clouds
2026-04-11T20:26:58.987Z,Edinburgh,5.7,scattered clouds
2026-04-11T22:26:37.395Z,Edinburgh,6.76,overcast clouds
2026-04-12T02:04:01.083Z,Edinburgh,5.74,few clouds
2026-04-12T05:51:29.626Z,Edinburgh,6.38,broken clouds
2026-04-12T07:07:36.804Z,Edinburgh,7.4,light rain
2026-04-12T08:40:59.279Z,Edinburgh,7.86,scattered clouds
2026-04-12T10:34:16.238Z,Edinburgh,10.98,scattered clouds
2026-04-12T12:51:33.434Z,Edinburgh,10.46,clear sky
2026-04-12T14:36:52.704Z,Edinburgh,10.85,scattered clouds
2026-04-12T16:31:58.379Z,Edinburgh,10.1,broken clouds
2026-04-12T18:39:40.677Z,Edinburgh,7.53,few clouds
2026-04-12T20:29:41.344Z,Edinburgh,6.29,clear sky
2026-04-12T22:28:18.239Z,Edinburgh,5.25,few clouds
2026-04-13T02:08:41.681Z,Edinburgh,4.11,clear sky
2026-04-13T06:11:16.783Z,Edinburgh,3.22,clear sky
2026-04-13T09:50:39.134Z,Edinburgh,10.61,few clouds
2026-04-13T11:13:37.185Z,Edinburgh,11.32,clear sky
2026-04-13T13:14:51.978Z,Edinburgh,11.62,broken clouds
2026-04-13T15:12:10.632Z,Edinburgh,10.34,overcast clouds
2026-04-13T17:02:00.724Z,Edinburgh,10.08,light rain
2026-04-13T19:07:34.024Z,Edinburgh,7.82,scattered clouds
2026-04-13T20:48:31.663Z,Edinburgh,5.9,scattered clouds
2026-04-13T22:38:30.171Z,Edinburgh,5.28,clear sky
2026-04-14T02:03:18.365Z,Edinburgh,3.64,clear sky
2026-04-14T05:57:26.518Z,Edinburgh,2.42,clear sky
2026-04-14T07:48:01.927Z,Edinburgh,6.28,clear sky
2026-04-14T09:12:21.360Z,Edinburgh,9.84,clear sky
2026-04-14T10:58:22.605Z,Edinburgh,12.37,clear sky
2026-04-14T13:15:33.490Z,Edinburgh,13.76,overcast clouds
2026-04-14T15:09:55.368Z,Edinburgh,11.04,light rain
2026-04-14T17:00:32.928Z,Edinburgh,9.73,overcast clouds
2026-04-14T19:05:35.622Z,Edinburgh,9.22,overcast clouds
2026-04-14T20:46:52.939Z,Edinburgh,10.42,overcast clouds
2026-04-14T22:40:15.454Z,Edinburgh,9.49,overcast clouds
2026-04-15T02:00:16.668Z,Edinburgh,8.79,light rain
2026-04-15T05:57:24.199Z,Edinburgh,8.94,overcast clouds
2026-04-15T07:47:48.862Z,Edinburgh,12.37,overcast clouds
2026-04-15T09:13:09.248Z,Edinburgh,13.28,broken clouds
2026-04-15T10:54:28.202Z,Edinburgh,14.38,few clouds
2026-04-15T13:14:07.532Z,Edinburgh,14.05,moderate rain
2026-04-15T15:02:25.266Z,Edinburgh,14.13,scattered clouds
2026-04-15T16:57:32.810Z,Edinburgh,13.15,broken clouds
2026-04-15T19:08:20.902Z,Edinburgh,11.78,overcast clouds
2026-04-15T20:41:54.757Z,Edinburgh,10.67,overcast clouds
2026-04-15T22:37:04.989Z,Edinburgh,10.11,overcast clouds
2026-04-16T02:08:09.502Z,Edinburgh,8.75,overcast clouds
2026-04-16T05:58:28.101Z,Edinburgh,7.77,scattered clouds
2026-04-16T07:53:51.586Z,Edinburgh,9.8,scattered clouds
2026-04-16T09:14:00.992Z,Edinburgh,10.86,broken clouds
2026-04-16T10:58:00.579Z,Edinburgh,12.37,broken clouds
2026-04-16T13:20:09.470Z,Edinburgh,13.82,few clouds
2026-04-16T15:22:57.229Z,Edinburgh,12.88,light rain
2026-04-16T17:08:32.508Z,Edinburgh,12.34,overcast clouds
2026-04-16T19:05:22.438Z,Edinburgh,10.77,overcast clouds
2026-04-16T20:42:38.424Z,Edinburgh,11.07,overcast clouds
2026-04-16T22:34:45.388Z,Edinburgh,9.94,overcast clouds
2026-04-17T02:04:20.740Z,Edinburgh,9.22,overcast clouds
2026-04-17T06:00:26.282Z,Edinburgh,10.15,scattered clouds
2026-04-17T09:11:51.113Z,Edinburgh,11.72,overcast clouds
2026-04-17T10:50:18.256Z,Edinburgh,12.79,light rain
2026-04-17T13:07:08.745Z,Edinburgh,13.59,scattered clouds
2026-04-17T14:54:24.741Z,Edinburgh,14.03,few clouds
2026-04-17T16:50:45.723Z,Edinburgh,13.12,broken clouds
2026-04-17T18:53:22.634Z,Edinburgh,11.05,few clouds
2026-04-17T20:39:27.856Z,Edinburgh,10.17,clear sky
2026-04-17T22:33:16.187Z,Edinburgh,9.31,few clouds
2026-04-18T01:55:14.603Z,Edinburgh,8.43,broken clouds
2026-04-18T04:29:07.442Z,Edinburgh,8.53,broken clouds
2026-04-18T07:01:04.050Z,Edinburgh,8.69,broken clouds
2026-04-18T08:41:50.046Z,Edinburgh,10.12,broken clouds
2026-04-18T10:35:37.213Z,Edinburgh,10.76,scattered clouds
2026-04-18T12:51:57.835Z,Edinburgh,12.2,overcast clouds
2026-04-18T14:36:42.320Z,Edinburgh,12.84,overcast clouds
2026-04-18T16:33:46.596Z,Edinburgh,11.88,few clouds
2026-04-18T18:39:59.538Z,Edinburgh,9.55,clear sky
2026-04-18T20:30:15.889Z,Edinburgh,8.14,few clouds
2026-04-18T22:28:36.549Z,Edinburgh,6.18,clear sky
2026-04-19T02:08:09.738Z,Edinburgh,4.24,clear sky
2026-04-19T05:54:56.345Z,Edinburgh,4.16,clear sky
2026-04-19T07:11:55.083Z,Edinburgh,6.41,clear sky
2026-04-19T08:47:08.780Z,Edinburgh,9.66,clear sky
2026-04-19T10:34:25.730Z,Edinburgh,10.76,few clouds
2026-04-19T12:51:27.889Z,Edinburgh,12.11,few clouds
2026-04-19T14:37:33.390Z,Edinburgh,12.96,light rain
2026-04-19T16:34:04.478Z,Edinburgh,12.13,overcast clouds
2026-04-19T18:40:33.208Z,Edinburgh,10.96,few clouds
2026-04-19T20:31:31.048Z,Edinburgh,7.93,scattered clouds
2026-04-19T22:29:42.286Z,Edinburgh,8.16,clear sky
2026-04-20T02:08:48.437Z,Edinburgh,4.95,broken clouds
2026-04-20T06:11:27.160Z,Edinburgh,5.06,broken clouds
2026-04-20T09:54:31.090Z,Edinburgh,9.98,few clouds
2026-04-20T11:16:14.465Z,Edinburgh,11.63,few clouds
2026-04-20T13:19:35.687Z,Edinburgh,11.71,overcast clouds
2026-04-20T15:13:38.363Z,Edinburgh,10.56,few clouds
2026-04-20T16:59:43.940Z,Edinburgh,9.85,overcast clouds
2026-04-20T18:57:39.983Z,Edinburgh,8.52,scattered clouds
2026-04-20T20:40:42.903Z,Edinburgh,7.67,scattered clouds
2026-04-20T22:38:25.318Z,Edinburgh,6.15,scattered clouds
2026-04-21T02:05:04.266Z,Edinburgh,6.58,overcast clouds
2026-04-21T05:59:24.477Z,Edinburgh,5.88,broken clouds
2026-04-21T08:02:54.153Z,Edinburgh,7.86,overcast clouds
2026-04-21T11:01:44.569Z,Edinburgh,8.41,scattered clouds
2026-04-21T13:13:34.921Z,Edinburgh,11.33,clear sky
2026-04-21T15:08:04.191Z,Edinburgh,11.29,clear sky
2026-04-21T16:54:30.569Z,Edinburgh,9.88,clear sky
2026-04-21T19:04:35.655Z,Edinburgh,6.94,scattered clouds
2026-04-21T20:44:18.192Z,Edinburgh,6.43,clear sky
2026-04-21T22:34:28.919Z,Edinburgh,6.1,overcast clouds
2026-04-22T02:03:22.473Z,Edinburgh,5.6,scattered clouds
2026-04-22T05:57:05.625Z,Edinburgh,5.6,broken clouds
2026-04-22T07:48:04.719Z,Edinburgh,7.11,overcast clouds
2026-04-22T09:14:41.688Z,Edinburgh,7.99,broken clouds
2026-04-22T10:59:53.114Z,Edinburgh,9.16,scattered clouds
2026-04-22T13:15:43.664Z,Edinburgh,10.97,few clouds
2026-04-22T15:08:30.289Z,Edinburgh,10.86,few clouds
2026-04-22T16:53:46.920Z,Edinburgh,8.73,few clouds
2026-04-22T19:06:12.498Z,Edinburgh,7.13,clear sky
2026-04-22T20:48:47.792Z,Edinburgh,6.08,clear sky
2026-04-22T22:42:20.830Z,Edinburgh,4.13,clear sky
2026-04-23T02:07:07.363Z,Edinburgh,4.46,overcast clouds
2026-04-23T06:02:18.543Z,Edinburgh,4.15,broken clouds
2026-04-23T09:21:56.215Z,Edinburgh,8.61,scattered clouds
2026-04-23T11:03:26.286Z,Edinburgh,10.46,scattered clouds
2026-04-23T13:15:30.455Z,Edinburgh,11.72,few clouds
2026-04-23T15:48:31.522Z,Edinburgh,11.18,clear sky
2026-04-23T17:14:53.974Z,Edinburgh,10.83,clear sky
2026-04-23T19:01:33.863Z,Edinburgh,9.12,clear sky
2026-04-23T20:45:45.438Z,Edinburgh,7.19,few clouds
2026-04-23T22:38:47.280Z,Edinburgh,5.75,few clouds
2026-04-24T02:07:49.316Z,Edinburgh,3.66,broken clouds
2026-04-24T06:04:54.736Z,Edinburgh,4.29,overcast clouds
2026-04-24T09:26:45.413Z,Edinburgh,9.87,scattered clouds
2026-04-24T11:02:11.824Z,Edinburgh,13.35,clear sky
2026-04-24T13:11:40.079Z,Edinburgh,14.56,clear sky
2026-04-24T15:03:56.062Z,Edinburgh,13.78,scattered clouds
2026-04-24T16:50:17.198Z,Edinburgh,13.87,clear sky
2026-04-24T18:41:39.872Z,Edinburgh,10.48,clear sky
2026-04-24T20:40:59.936Z,Edinburgh,7.25,fog
2026-04-24T22:34:54.555Z,Edinburgh,7.07,fog
2026-04-25T01:57:34.701Z,Edinburgh,5.76,mist
2026-04-25T04:37:01.031Z,Edinburgh,5.35,overcast clouds
2026-04-25T07:06:54.529Z,Edinburgh,5.64,mist
2026-04-25T08:44:56.618Z,Edinburgh,7.11,broken clouds
2026-04-25T10:38:47.989Z,Edinburgh,9.64,broken clouds
2026-04-25T12:52:59.610Z,Edinburgh,10.8,few clouds
2026-04-25T14:38:03.563Z,Edinburgh,11.47,clear sky
2026-04-25T16:35:10.972Z,Edinburgh,10.65,clear sky
2026-04-25T18:41:50.371Z,Edinburgh,8.96,overcast clouds
2026-04-25T20:32:50.734Z,Edinburgh,7.77,clear sky
2026-04-25T22:31:42.461Z,Edinburgh,5.74,clear sky
2026-04-26T02:11:11.914Z,Edinburgh,4.63,clear sky
2026-04-26T06:03:34.773Z,Edinburgh,5.22,clear sky
2026-04-26T08:54:26.815Z,Edinburgh,7.77,clear sky
2026-04-26T10:40:19.682Z,Edinburgh,8.67,clear sky
2026-04-26T12:55:20.856Z,Edinburgh,12.9,clear sky
2026-04-26T14:39:06.995Z,Edinburgh,13.47,clear sky
2026-04-26T16:36:46.772Z,Edinburgh,14.75,clear sky
2026-04-26T18:43:03.825Z,Edinburgh,11.61,clear sky
2026-04-26T20:33:27.771Z,Edinburgh,11.46,clear sky
2026-04-26T22:32:55.728Z,Edinburgh,9.64,clear sky
2026-04-27T02:13:36.679Z,Edinburgh,8.23,clear sky
2026-04-27T06:24:25.873Z,Edinburgh,7.18,clear sky
2026-04-27T10:10:00.507Z,Edinburgh,13.89,few clouds
2026-04-27T13:27:44.558Z,Edinburgh,16.71,few clouds
2026-04-27T15:43:38.425Z,Edinburgh,14,few clouds
2026-04-27T17:17:08.715Z,Edinburgh,13.07,few clouds
2026-04-27T19:10:44.506Z,Edinburgh,10.11,few clouds
2026-04-27T20:56:56.369Z,Edinburgh,10.51,clear sky
2026-04-27T22:45:19.533Z,Edinburgh,9.31,scattered clouds
2026-04-28T02:29:07.052Z,Edinburgh,8.31,broken clouds
2026-04-28T06:26:07.330Z,Edinburgh,8.31,broken clouds
2026-04-28T10:09:01.073Z,Edinburgh,9.07,overcast clouds
2026-04-28T16:05:12.951Z,Edinburgh,10.76,few clouds
2026-04-28T19:26:25.112Z,Edinburgh,8.14,clear sky
2026-04-28T21:03:00.815Z,Edinburgh,6.36,clear sky
2026-04-28T22:52:20.825Z,Edinburgh,5.4,clear sky
2026-04-29T02:29:35.993Z,Edinburgh,3.96,few clouds
2026-04-29T06:19:48.194Z,Edinburgh,4.32,few clouds
2026-04-29T10:00:43.636Z,Edinburgh,12.97,few clouds
2026-04-29T13:44:54.691Z,Edinburgh,13.85,scattered clouds
2026-04-29T15:53:36.057Z,Edinburgh,12.85,clear sky
2026-04-29T17:22:36.356Z,Edinburgh,12.71,clear sky
2026-04-29T19:16:56.368Z,Edinburgh,10.59,clear sky
2026-04-29T20:58:05.375Z,Edinburgh,8.81,clear sky
2026-04-29T22:52:40.292Z,Edinburgh,7.51,clear sky
2026-04-30T02:30:23.873Z,Edinburgh,4.69,clear sky
2026-04-30T06:23:51.328Z,Edinburgh,5.99,clear sky
2026-04-30T10:01:58.932Z,Edinburgh,12.85,clear sky
2026-04-30T13:43:36.294Z,Edinburgh,14.74,clear sky
2026-04-30T15:45:00.019Z,Edinburgh,14.8,clear sky
2026-04-30T17:14:59.013Z,Edinburgh,15.52,clear sky
2026-04-30T19:12:10.537Z,Edinburgh,12.64,clear sky
2026-04-30T20:54:55.633Z,Edinburgh,9.08,clear sky
2026-04-30T22:48:16.490Z,Edinburgh,8.9,clear sky
2026-05-01T02:35:41.069Z,Edinburgh,6.23,clear sky
2026-05-01T06:33:15.491Z,Edinburgh,5.66,few clouds
2026-05-01T09:28:44.518Z,Edinburgh,14,clear sky
2026-05-01T11:03:19.982Z,Edinburgh,15.23,broken clouds
2026-05-01T13:08:28.553Z,Edinburgh,14.8,broken clouds
2026-05-01T14:50:59.602Z,Edinburgh,14.47,clear sky
2026-05-01T16:51:25.524Z,Edinburgh,14.17,moderate rain
2026-05-01T19:05:16.367Z,Edinburgh,12.05,few clouds
2026-05-01T20:44:27.884Z,Edinburgh,12.25,moderate rain
2026-05-01T22:43:27.317Z,Edinburgh,11.04,overcast clouds
2026-05-02T02:11:08.718Z,Edinburgh,9.7,scattered clouds
2026-05-02T06:03:08.780Z,Edinburgh,8.94,scattered clouds
2026-05-02T09:00:44.098Z,Edinburgh,14.66,scattered clouds
2026-05-02T10:44:23.358Z,Edinburgh,16.08,few clouds
2026-05-02T12:58:14.978Z,Edinburgh,15.63,light rain
2026-05-02T14:41:34.311Z,Edinburgh,15.27,few clouds
2026-05-02T16:40:07.588Z,Edinburgh,14.43,scattered clouds
2026-05-02T18:51:23.964Z,Edinburgh,12.05,clear sky
2026-05-02T20:36:05.328Z,Edinburgh,9.39,broken clouds
2026-05-02T22:34:53.606Z,Edinburgh,8.95,light rain
2026-05-03T02:27:16.966Z,Edinburgh,8.66,light rain
2026-05-03T06:22:58.756Z,Edinburgh,7.77,overcast clouds
2026-05-03T09:18:27.988Z,Edinburgh,7.67,overcast clouds
2026-05-03T10:50:06.027Z,Edinburgh,7.95,broken clouds
2026-05-03T12:58:11.711Z,Edinburgh,7.81,overcast clouds
2026-05-03T14:43:22.981Z,Edinburgh,8.77,broken clouds
2026-05-03T16:42:15.100Z,Edinburgh,8.58,broken clouds
2026-05-03T18:52:14.559Z,Edinburgh,8.31,scattered clouds
2026-05-03T20:36:42.690Z,Edinburgh,7.78,clear sky
2026-05-03T22:35:00.736Z,Edinburgh,7.42,scattered clouds
2026-05-04T02:25:57.107Z,Edinburgh,7.3,light rain
2026-05-04T06:35:25.790Z,Edinburgh,8.5,scattered clouds
2026-05-04T10:09:07.247Z,Edinburgh,13.11,few clouds
2026-05-04T13:46:34.518Z,Edinburgh,14.87,scattered clouds
2026-05-04T15:56:57.758Z,Edinburgh,14.27,few clouds
2026-05-04T17:28:24.982Z,Edinburgh,14.26,few clouds
2026-05-04T19:21:35.952Z,Edinburgh,11.92,few clouds
2026-05-04T21:02:52.776Z,Edinburgh,9.57,clear sky
2026-05-04T22:52:36.336Z,Edinburgh,7.08,few clouds
2026-05-05T02:14:18.226Z,Edinburgh,6.68,clear sky
2026-05-05T06:11:37.162Z,Edinburgh,7.92,light rain
2026-05-05T09:57:28.793Z,Edinburgh,9.59,overcast clouds
2026-05-05T11:15:43.376Z,Edinburgh,10.14,few clouds
2026-05-05T15:49:28.460Z,Edinburgh,8.24,few clouds
2026-05-05T17:18:42.700Z,Edinburgh,7.74,few clouds
2026-05-05T19:11:35.067Z,Edinburgh,7.21,few clouds
2026-05-05T20:57:47.728Z,Edinburgh,6.32,clear sky
2026-05-05T22:51:08.780Z,Edinburgh,5.41,broken clouds
2026-05-06T02:24:51.535Z,Edinburgh,4.03,clear sky
2026-05-06T06:26:03.036Z,Edinburgh,4.74,few clouds
2026-05-06T10:12:35.779Z,Edinburgh,8.82,scattered clouds
2026-05-06T13:54:44.616Z,Edinburgh,10.75,few clouds
2026-05-06T15:59:40.289Z,Edinburgh,11.3,few clouds
2026-05-06T17:46:48.587Z,Edinburgh,10.1,clear sky
2026-05-06T19:29:30.805Z,Edinburgh,9.15,clear sky
2026-05-06T21:06:55.146Z,Edinburgh,7.73,clear sky
2026-05-06T22:44:15.176Z,Edinburgh,7.28,clear sky
2026-05-07T02:27:14.149Z,Edinburgh,6.81,clear sky
2026-05-07T06:31:32.614Z,Edinburgh,7.62,clear sky
2026-05-07T10:18:45.948Z,Edinburgh,11.12,few clouds
2026-05-07T13:53:31.382Z,Edinburgh,11.92,few clouds
2026-05-07T16:04:01.021Z,Edinburgh,12.15,few clouds
2026-05-07T19:37:51.959Z,Edinburgh,11.47,clear sky
2026-05-07T21:00:37.087Z,Edinburgh,10.95,clear sky
2026-05-07T22:56:58.854Z,Edinburgh,10.13,clear sky
2026-05-08T02:34:15.529Z,Edinburgh,9.15,clear sky
2026-05-08T05:52:48.033Z,Edinburgh,9.6,scattered clouds
2026-05-08T07:22:03.844Z,Edinburgh,10.81,broken clouds
2026-05-08T09:11:55.915Z,Edinburgh,11.73,broken clouds
2026-05-08T11:07:28.135Z,Edinburgh,13.47,scattered clouds
2026-05-08T13:20:46.604Z,Edinburgh,13.56,scattered clouds
2026-05-08T15:17:23.227Z,Edinburgh,13.89,few clouds
2026-05-08T17:08:49.192Z,Edinburgh,14.07,few clouds
2026-05-08T19:09:34.775Z,Edinburgh,12.66,clear sky
2026-05-08T20:53:52.260Z,Edinburgh,10.22,clear sky
2026-05-08T22:52:21.506Z,Edinburgh,8.63,clear sky
2026-05-09T02:26:58.870Z,Edinburgh,8.02,broken clouds
2026-05-09T06:11:16.859Z,Edinburgh,7.36,light rain
2026-05-09T09:13:54.886Z,Edinburgh,7.35,broken clouds
2026-05-09T10:52:36.113Z,Edinburgh,7.47,broken clouds
2026-05-09T13:04:45.530Z,Edinburgh,9.79,broken clouds
2026-05-09T14:44:40.810Z,Edinburgh,10.23,few clouds
2026-05-09T16:46:53.063Z,Edinburgh,9.62,clear sky
2026-05-09T18:52:44.654Z,Edinburgh,8.65,few clouds
2026-05-09T20:38:57.898Z,Edinburgh,6.92,few clouds
2026-05-09T22:37:50.196Z,Edinburgh,5,clear sky
2026-05-10T02:30:09.472Z,Edinburgh,1.88,clear sky
2026-05-10T06:29:55.654Z,Edinburgh,3.79,clear sky
2026-05-10T09:24:29.810Z,Edinburgh,10.12,few clouds
2026-05-10T10:57:18.102Z,Edinburgh,11.9,few clouds
2026-05-10T13:06:02.301Z,Edinburgh,13.14,clear sky
2026-05-10T14:47:11.332Z,Edinburgh,12.8,clear sky
2026-05-10T16:47:43.879Z,Edinburgh,12.91,scattered clouds
2026-05-10T18:54:21.954Z,Edinburgh,10.39,scattered clouds
2026-05-10T20:41:23.850Z,Edinburgh,9.09,clear sky
2026-05-10T22:40:44.023Z,Edinburgh,8.65,clear sky
2026-05-11T02:39:52.109Z,Edinburgh,4.37,broken clouds
2026-05-11T07:36:25.020Z,Edinburgh,5.5,few clouds
2026-05-11T10:56:30.416Z,Edinburgh,7.78,broken clouds
2026-05-11T14:36:49.331Z,Edinburgh,10.63,clear sky
2026-05-11T17:51:13.057Z,Edinburgh,10.36,clear sky
